Sorting Time,Predicted Delivery Time
5,14.827833456153282
10,23.072932940309506
15,31.318032424465727
