YearsExperience,Predicted Salary
2,44692.12484157886
5,73042.01180594409
10,120291.82341321945
